[{"model": "auth.user", "fields": {"password": "pbkdf2_sha256$1200000$G9XwWgwzjLFXScpmPJUX8q$wBO6RtaFtFVaKht/5XEN3cy8YPdl9/KvWWaYBjUU6p0=", "last_login": "2026-01-14T19:08:56.763Z", "is_superuser": true, "username": "admin", "first_name": "", "last_name": "", "email": "", "is_staff": true, "is_active": true, "date_joined": "2026-01-14T14:55:44.500Z", "groups": [], "user_permissions": []}}, {"model": "auth.user", "fields": {"password": "pbkdf2_sha256$1200000$tblwc7qe1XsnMCcyGvGsmd$GXR25bhcRJjkCEVPiuSr7Cv7RlXpT9hgnCOmQXYdJGA=", "last_login": null, "is_superuser": true, "username": "roman", "first_name": "", "last_name": "", "email": "malievrom@yandex.ru", "is_staff": true, "is_active": true, "date_joined": "2026-01-14T19:08:06.709Z", "groups": [], "user_permissions": []}}, {"model": "auth.user", "fields": {"password": "pbkdf2_sha256$1200000$n2rSLosfNm3jhRZBHOevJ1$nDqpP8lZvfgpgFXTdzvHS8F6q4RPXOoWwaPJRLteowE=", "last_login": null, "is_superuser": false, "username": "+79374632959", "first_name": "тест1", "last_name": "", "email": "", "is_staff": false, "is_active": true, "date_joined": "2026-01-15T22:15:42.663Z", "groups": [], "user_permissions": []}}, {"model": "auth.user", "fields": {"password": "pbkdf2_sha256$1200000$Fe4u6c0C02Fp0aoTHHofv8$UlYDwDTpLFT3CHfyEc1fhaMP5RRTRvamzidwT4lU3Tc=", "last_login": null, "is_superuser": false, "username": "+79999999999", "first_name": "тест2", "last_name": "тесттест", "email": "", "is_staff": false, "is_active": true, "date_joined": "2026-01-15T22:21:00.427Z", "groups": [], "user_permissions": []}}, {"model": "auth.user", "fields": {"password": "pbkdf2_sha256$1200000$n21TPcgJsOsJWsUvSqOOWh$4AQg+Yk1zlJMd5wcbKUt8pv7rltRJhJigmMlQSa0R7w=", "last_login": null, "is_superuser": false, "username": "mail@mail.ru", "first_name": "имя3", "last_name": "фамилия3", "email": "mail@mail.ru", "is_staff": false, "is_active": true, "date_joined": "2026-01-15T22:28:59.942Z", "groups": [], "user_permissions": []}}, {"model": "auth.user", "fields": {"password": "pbkdf2_sha256$1200000$SL0r2vxxYY5OcfIdRH8JTV$Eawk6ECPYbwvTrbBfooVAEUHXjs2aA5oOpLvmNWwq7k=", "last_login": null, "is_superuser": false, "username": "+78888888888", "first_name": "админ", "last_name": "админ", "email": "", "is_staff": false, "is_active": true, "date_joined": "2026-01-16T08:20:17.084Z", "groups": [], "user_permissions": []}}, {"model": "auth.user", "fields": {"password": "pbkdf2_sha256$1200000$2Pe0tG0BeUbB4zChHXbWSw$gvQd3RcbwOO2Kj2Xd+EBJeKXBeyWTtMYkBiACNt3yzI=", "last_login": null, "is_superuser": false, "username": "+74444444444", "first_name": "+78888888888", "last_name": "88888888", "email": "", "is_staff": false, "is_active": true, "date_joined": "2026-01-16T13:37:51.546Z", "groups": [], "user_permissions": []}}, {"model": "auth.user", "fields": {"password": "pbkdf2_sha256$1200000$Swaa35BxLD7jfXeGnfpJs8$AkY4vERqG+aIffVNtsip6LDHOC8ABhrwkJnlFYOUkZ4=", "last_login": null, "is_superuser": false, "username": "+73333333333", "first_name": "крупный", "last_name": "тест", "email": "mail@mail.ru", "is_staff": false, "is_active": true, "date_joined": "2026-01-16T14:00:15.085Z", "groups": [], "user_permissions": []}}, {"model": "auth.user", "fields": {"password": "pbkdf2_sha256$1200000$vw1njCfwWLkbtYIqBQXi9Q$HJoZAATmeKIAKD7f11qv9VAF4CuWGnAJPlw+wL8/wR8=", "last_login": null, "is_superuser": false, "username": "+77777777777", "first_name": "финальный", "last_name": "тест", "email": "mail@mail.ru", "is_staff": false, "is_active": true, "date_joined": "2026-01-16T14:47:18.049Z", "groups": [], "user_permissions": []}}, {"model": "sessions.session", "pk": "9cn9y7keoq0ai7sh1exrzxo46hznrvzv", "fields": {"session_data": ".eJxVjDsOwjAQBe_iGln-fyjpOYNle3dxADlSnFSIu0OkFNC-mXkvlvK2trQNXNIE7MwkO_1uJdcH9h3APffbzOvc12UqfFf4QQe_zoDPy-H-HbQ82rdWjmrRQUQCZQBJSiIjnchF26CV89aWiIgABgRqC55ctNF4iQQBBXt_APD-OEg:1vg6Ei:y_vl9uylEL-z_5cVHs64aG1HGpLVxGlSPlZufRcYWrY", "expire_date": "2026-01-28T19:08:56.770Z"}}, {"model": "sessions.session", "pk": "ymc58xplpj9ho2n1t5wilzig3826uvjh", "fields": {"session_data": ".eJxVjDsOwjAQBe_iGln-fyjpOYNle3dxADlSnFSIu0OkFNC-mXkvlvK2trQNXNIE7MwkO_1uJdcH9h3APffbzOvc12UqfFf4QQe_zoDPy-H-HbQ82rdWjmrRQUQCZQBJSiIjnchF26CV89aWiIgABgRqC55ctNF4iQQBBXt_APD-OEg:1vg2IE:GI2jhr0457SOovSAQArySVvgDBO2XYbHNgeMgI7_k_w", "expire_date": "2026-01-28T14:56:18.204Z"}}, {"model": "authtoken.token", "pk": "2c83a687efdeb9c319bd43cd6524995fec29d163", "fields": {"user": ["+79374632959"], "created": "2026-01-15T22:15:44.047Z"}}, {"model": "authtoken.token", "pk": "8b449df58d08ff3ca2fe70a4225286f0f30f1e73", "fields": {"user": ["+77777777777"], "created": "2026-01-16T14:47:18.697Z"}}, {"model": "shop.category", "pk": 14, "fields": {"name": "Уход за лицом", "slug": "уход-за-лицом", "image": ""}}, {"model": "shop.category", "pk": 15, "fields": {"name": "Уход за телом", "slug": "уход-за-телом", "image": ""}}, {"model": "shop.category", "pk": 16, "fields": {"name": "Уход за волосами", "slug": "уход-за-волосами", "image": ""}}, {"model": "shop.category", "pk": 17, "fields": {"name": "Макияж", "slug": "макияж", "image": ""}}, {"model": "shop.category", "pk": 18, "fields": {"name": "Парфюмерия", "slug": "парфюмерия", "image": ""}}, {"model": "shop.category", "pk": 19, "fields": {"name": "Наборы миниатюр", "slug": "наборы-миниатюр", "image": ""}}, {"model": "shop.product", "pk": 164, "fields": {"category": 14, "name": "Dr. Althea Крем для лица антивозрастной Resveratrol 345 NA Intensive Repair Cream 50мл", "description": "RESVERATROL 345NA INTENSIVE REPAIR CREAM Крем для лица ТМ Dr.Althea Pro Lab Восстанавливающий крем содержит комплекс из ресвератрола, гиалуроновой кислоты и множества растительных экстрактов, который способствует оздоровлению кожи, защищает от агрессивного воздействия свободных радикалов и различных факторов внешней среды. Активные ингредиенты стимулируют регенерацию и обладают антивозрастными свойствами: способствуют сокращению выраженности морщин и замедляют процессы старения.", "price": "2450.00", "image": "products/др алфея.jpg", "is_bestseller": false, "is_new": true, "discount": 0, "created_at": "2026-01-16T06:46:25.535Z"}}, {"model": "shop.product", "pk": 165, "fields": {"category": 14, "name": "Гидрогелевая маска с коллагеном Biodance Bio-Collagen Real Deep Mask", "description": "Biodance Radiant Vita Niacinamide Real Deep Mask\nГидрогелевая маска с ниацинамидом Biodance Radiant Vita Niacinamide Real Deep Mask тонизирует, выравнивает тон и устраняет тусклость. Увлажняет, восстанавливает гидролипидный баланс, мягко отшелушивает, осветляет пигментные пятна и постакне. Обладает антиоксидантной активностью, замедляет старение, обеспечивает фотозащиту и нейтрализует свободные радикалы.\nСпособ применения:\nотделите защитный слой от обеих частей маски. После очищения, тонизирования и использования сыворотки нанесите маску на лицо, снимите через 3-4 часа. Средство можно оставить на коже на всю ночь.\nОбъем: 34 мл.", "price": "490.00", "image": "products/био.jpg", "is_bestseller": false, "is_new": true, "discount": 0, "created_at": "2026-01-16T06:46:25.539Z"}}, {"model": "shop.product", "pk": 166, "fields": {"category": 14, "name": "Celimax Dual Barrier Creamy Toner Барьерный кремовый тонер, 150 мл", "description": "Барьерный кремовый тонер Celimax Dual Barrier Creamy Toner увлажняет, питает, восстанавливает, укрепляет естественный защитный слой и снижает чувствительность кожи к внешним факторам. Успокаивает, смягчает, устраняет шелушение и сухость, снимает раздражение и зуд, способствует заживлению. Содержит 5 церамидов, гиалуроновую кислоту, аллантоин, пантенол и уникальный пептид Aquatide.\nПодходит для всех типов кожи.\nСпособ применения: нанесите средство на предварительно очищенное лицо ладонями или с помощью ватного диска. Продолжите уход нанесением сыворотки или крема. Можно использовать в качестве локальной маски: на 5–10 минут приложите к коже пропитанный тонером ватный диск, затем удалите, дайте впитаться остаткам средства.\nОбъем: 150 мл.", "price": "2190.00", "image": "products/сели.jpg", "is_bestseller": true, "is_new": true, "discount": 0, "created_at": "2026-01-16T06:46:25.543Z"}}, {"model": "shop.product", "pk": 167, "fields": {"category": 14, "name": "AXIS-Y Сыворотка для коррекции темных пятен | Dark Spot Correcting Glow serum 50мл", "description": "Осветляющая сыворотка от пигментных пятен с 5% ниацинамида AXIS-Y Dark Spot Correcting Glow Serum корректирует неровный тон лица, отбеливает гиперпигментацию, осветляет веснушки, следы постакне и признаки фотостарения. Увлажняет и смягчает, не вызывает раздражения, действует деликатно. Придаёт равномерный тон и здоровое сияние, улучшает текстуру кожи. Имеет лёгкую текстуру, отлично впитывается. Содержит 5% ниацинамида, эритритол, экстракты облепихи, папайи, календулы, барбадаосской вишни и риса, а также глутатион, растительный сквалан, аллантоин, аргинин и гиалуроновую кислоту.\nПодходит для всех типов кожи.\nСпособ применения: после умывания и тонизирования нанесите сыворотку на лицо, распределите по коже.", "price": "1390.00", "image": "products/аксис.jpg", "is_bestseller": true, "is_new": true, "discount": 0, "created_at": "2026-01-16T06:46:25.548Z"}}, {"model": "shop.product", "pk": 168, "fields": {"category": 14, "name": "Round Lab 1025 Dokdo Пенка мягкая для умывания с морской водой Cleanser 150мл", "description": "Мягкая пенка для умывания с морской водой Round Lab 1025 Dokdo Cleanser подходит для деликатного очищения сухой и чувствительной кожи. Нежно удаляет все загрязнения, не провоцирует появления сухости и стянутости, сохраняет кожу увлажнённой даже после умывания.\nСлабокислотная пенка имеет нейтральный рН, мягко воздействует на поверхность кожи и защищает от агрессивного воздействия проточной воды. Пенка также оказывает обеззараживающее и успокаивающее действие, помогает в борьбе с воспалениями и краснотой.\nСпособ применения: взбейте пенку во влажных ладонях и нанесите её на кожу, мягко помассируйте и смойте остатки средства", "price": "1550.00", "image": "products/докдо.jpg", "is_bestseller": false, "is_new": true, "discount": 0, "created_at": "2026-01-16T06:46:25.551Z"}}, {"model": "shop.product", "pk": 169, "fields": {"category": 15, "name": "The Act Баттер твердое масло для тела", "description": "Если ваше тело нуждается в интенсивном питании, баттер — именно то, что вам нужно. Насыщенная тающая текстура баттера сочетается с уникальной питательной формулой.\nКомплекс натуральных компонентов выполняет несколько задач: удерживает влагу внутри клеток кожи, ускоряет регенерацию, помогает вернуть упругость и тонус, придаёт мягкость и естественное сияние даже очень сухой коже, а также способствует профилактике возникновения и коррекции растяжек.\nПомощники для красоты кожи ваших рук и тела: масло ши смягчает и питает, масло манго стимулирует выработку коллагена, повышает тонус. Мочевина, витамин Е и пантенол способствуют устранению раздражения, увлажняют, обновляют клетки. Масло виноградных косточек помогает побороть мелкие признаки старения, пигментацию, шелушение.", "price": "890.00", "image": "products/акт.jpg", "is_bestseller": false, "is_new": true, "discount": 0, "created_at": "2026-01-16T06:46:25.558Z"}}, {"model": "shop.product", "pk": 170, "fields": {"category": 15, "name": "The Act, Sugar Exfoliating Body Scrub, Сахарный скраб для тела", "description": "Сахарный скраб для тела с незабываемым ароматом кокосового печенья, который останется на вашей коже. Насладитесь эффектом салонного ухода за телом, не выходя из собственной ванной комнаты! Натуральные эксфолианты из мелкокристаллического сахара и пудры скорлупы грецкого ореха деликатно обновляют, не вызывая раздражения, и идеально подходят для чувствительной кожи. Густая, насыщенная текстура крем-пасты легко распределяется даже по сухой коже, медленно тает при контакте с водой, не царапая и не осыпаясь при нанесении.\nФормула обогащена роскошным ухаживающим комплексом из 6 натуральных масел, каждый — со своей суперсилой. Масло сафлора — кладезь витамина E, омега-6 и жирных кислот. В дуэте с маслом зелёного кофе оказывает антиоксидантное действие, эффективно борется с проявлениями фотостарения кожи, осветляет, выравнивает тон и текстуру. Масла ши и макадамии питают кожу жирными кислотами, восстанавливают гидролипидный баланс. Масло миндаля увлажняет, купуасу — уменьшает воспаления и восстанавливает защитные функции кожи. Регулярное применение скраба для тела с маслами глубоко очищает кожу, стимулирует кровообращение и лимфоток, разглаживает рельеф, создавая антицеллюлитный эффект и сокращая выраженность растяжек. Сахарный скраб для тела The Act эффективен в борьбе с вросшими волосками и отлично справляется с подготовкой кожи перед эпиляцией, минимизируя воспаления и раздражение кожи.", "price": "590.00", "image": "products/акт2.webp", "is_bestseller": true, "is_new": true, "discount": 0, "created_at": "2026-01-16T06:46:25.562Z"}}, {"model": "shop.product", "pk": 171, "fields": {"category": 15, "name": "The Act, Massage Body Oil,  Массажное масло для тела \"Delicate\"", "description": "Сила 8 масел для гладкости вашей кожи. Экстрапитательное массажное масло для тела Delicate The Act с комплексом натуральных масел, ценными жирными кислотами и витамином Е глубоко смягчает и увлажняет кожу, расслабляет и обеспечивает лёгкое скольжение во время процедуры. Гипоаллергенное масло подойдет как для домашнего ухода, так и для профессионального массажа. В составе — более 60% натуральных масел, которые подобраны с учётом минимальной аллергичности и комедогенности. Масло сладкого миндаля активно питает и смягчает кожу, борется с преждевременным старением. Масло семян подсолнечника, насыщенное витамином E, оказывает успокаивающий и регенерирующий эффект, снимает раздражения. Масло авокадо увлажняет верхние слои эпидермиса, стимулирует кровообращение, восстанавливает защитные свойства и местный иммунитет кожных покровов. Масло абрикосовых косточек — активный компонент антицеллюлитных средств, который стимулирует синтез коллагена и эластиновых волокон, тем самым повышая упругость. Ингредиент уменьшает небольшие морщинки, придает тонус и улучшает цвет кожи. Масло оливы снимает раздражение, оказывает антивозрастное действие, активно смягчает и питает. Конопляное масло глубоко проникает в кожные покровы и удерживает влагу. Масло персиковых косточек обладает успокаивающим и себорегулирующим эффектом, увлажняет, защищает и осветляет кожу благодаря содержанию витамина В. Масло арганы разглаживает кожу и повышает эластичность, способствует заживлению ожогов, ранок и царапин. Парфюмированное средство оставляет лёгкий аромат растительных экстрактов, сочетая ноты бергамота, нероли, зелёного яблока, розы и жасмина. Увлажняющее женское масло для тела быстро впитывается, не оставляя жирности и эффекта липкости. Подходит для всех типов кожи. Разогрейте небольшое количество масла в ладонях и нанесите массажными движениями на кожу. Используйте после ванны или душа. Проведите сеанс релаксации с массажным маслом для тела Delicate.", "price": "950.00", "image": "products/акт3.webp", "is_bestseller": false, "is_new": true, "discount": 0, "created_at": "2026-01-16T06:46:25.566Z"}}, {"model": "shop.product", "pk": 172, "fields": {"category": 15, "name": "Kamali, Крем для тела и рук парфюмированный", "description": "Крем для рук и тела не только питает и увлажняет кожу, но и окружает ее роскошным ароматом.", "price": "650.00", "image": "products/камал.jpg", "is_bestseller": false, "is_new": true, "discount": 0, "created_at": "2026-01-16T06:46:25.569Z"}}, {"model": "shop.product", "pk": 173, "fields": {"category": 15, "name": "Kamali, Молочко для тела с эффектом загара ORCHID (жемчужное золото)", "description": "Молочко для тела с эффектом загара придает коже жемчужно-золотой минеральный пигмент, который сливается с вашим естественным тоном кожи. Легкая формула быстро впитывается, не оставляя липкости или разводов.", "price": "650.00", "image": "products/камал2.png", "is_bestseller": true, "is_new": true, "discount": 0, "created_at": "2026-01-16T06:46:25.573Z"}}, {"model": "shop.product", "pk": 174, "fields": {"category": 16, "name": "Shiseido FINO Premium Touch Маска для волос с содержанием маточного молочка пчел, с цветочным ароматом 230g.", "description": "Эффективное и высококачественное средство по уходу за волосами, которое содержит маточное молочко, известное своими питательными свойствами. Эта маска глубоко проникает в структуру волос, увлажняет их, делая более мягкими, гладкими и шелковистыми. Данное средство помогает быстро восстановить и укрепить поврежденные локоны. Маска Fino Premium Touch имеет густую текстуру, которая интенсивно питает пряди, при этом не утяжеляя их. Отлично подойдет для всех типов волос, особенно сухих и «уставших» от частого термического или химического воздействия.\nАктивные компоненты маски от бренда Shiseido и их свойства:\nматочное мелочно – питает волосы полезными микроэлементами, усиливает их рост и процесс регенерации;\nгидролизованные протеины пшеницы – увлажняют и оживляют локоны, делают их эластичными;\nсквалан – проникает в структуру волос, наполняет их жизненной силой и здоровым блеском;\nсорбитол – удерживает влагу в прядях, делает их мягкими и защищенными от негативных воздействий окружающей среды;\nлипидный комплекс Lipidure EX – делает волосы крепкими и блестящими без ломкости и сечения.", "price": "1690.00", "image": "products/шисеидо.png", "is_bestseller": false, "is_new": true, "discount": 0, "created_at": "2026-01-16T06:46:25.581Z"}}, {"model": "shop.product", "pk": 175, "fields": {"category": 16, "name": "SHISEIDO Fino Premium Touch Shampoo Шампунь восстанавливающий 550мл", "description": "Подарите своим волосам роскошный уход с шампунем Shiseido Fino Premium Touch! Этот продукт работает как профессиональное SPA для ваших локонов, глубоко увлажняя, питая и восстанавливая поврежденную структуру. Он дарит мягкость, блеск и эластичность, превращая даже сухие и ослабленные волосы в шелковистую волну красоты.", "price": "1590.00", "image": "products/шисеидо 2.png", "is_bestseller": false, "is_new": true, "discount": 0, "created_at": "2026-01-16T06:46:25.584Z"}}, {"model": "shop.product", "pk": 176, "fields": {"category": 16, "name": "Xiaomoxuan Маска для волос New Collagen", "description": "Уникальная формула маски для волос xiaomoxuan  “Чайное дерево с КОЛЛАГЕНОМ” относится к Экспресс Восстановлению и увлажнению волос и полностью заменяет дорогой салонный уход. Главная задача продукта эффективно с первого раза восстановить внутреннюю структуру поврежденных волос.\n- Полное восстановление волос после окрашивание и химических завивок.\n- Облегчает расчёсывание.\n- Стимулирует рост волос.\n- Убирает чрезмерную ломкость.\n- Повешенная упругость.\n- Эффективное снижение электризуемости.\n- Естественный блеск.\n- Максимальное увлажнение.\nМаска New Collagen имеет потрясающий цитрусовый запах, волосы после первого применения обретут здоровый, зеркальный блеск.", "price": "2200.00", "image": "products/кси.jpg", "is_bestseller": false, "is_new": true, "discount": 0, "created_at": "2026-01-16T06:46:25.588Z"}}, {"model": "shop.product", "pk": 177, "fields": {"category": 16, "name": "ZOOM Маска-уход для волос глубокого кондиционирования Keratin Mask 250 мл", "description": "Интенсивная питательная маска глубокого кондиционирования - уходовая косметика, созданная для реструктуризации сухих и поврежденных волос Keratin Mask от Zoom Cosmetics. Это идеальное средство для оздоровления окрашенных локонов, подойдет блондинкам и осветленным . Предназначена для поддержания красоты и здоровья , подходит даже для жирных и поврежденных волос как SOS средство. Можно применять после процедур кератиновое выпрямление, ботокс, нанопластика и для ежедневного использования. Профессиональное питающее средство объемом 250 мл имеет экономичный расход, рекомендуется сочетать его с шампунем из линейки Keratin Shampoo. Страна производства: Бразилия.\nЭто профессиональное средство содержит активные ингредиенты, которые проникают глубоко в волосы, обеспечивая им интенсивное увлажнение и антиоксидантный уход. Кератин проникает глубоко в структуру волос, восстанавливая их и увлажняя изнутри. Увлажняющая маска для волос содержит питательное масло бабассу, которое эффективно борется с сухостью, успокаивает кожу, уменьшает воспаления. Масочка кондиционер содержит большое количество витамина Е и других антиоксидантов, которые помогают коже головы и волосам восстанавливаться от повреждений. Масло пачули отвечает за увлажнение, придает прядям блеск и здоровый вид, устраняет тусклость, делает шевелюру роскошной, приводит в норму работу сальных желез, выступает как укрепляющий компонент от выпадения волос. Омега-9 улучшает микроциркуляцию крови, усиливает эффективность поступления кислорода к волосяным фолликулам, обладает глубокими кондиционирующими свойствами. Способ применения. Нанести на влажные волосы, подождать 5-10 минут и смыть теплой водой. Восстанавливающее и увлажняющее уходовое средство - это профессиональных уход за волосами, позволяющий в домашних условиях добиться красоты вашей шевелюры, словно вы побывали в салоне на спа-процедуре. Станет замечательным подарком для девушек и женщин на любые праздники: день рождения, Новый год, 8 марта.", "price": "890.00", "image": "products/зум.jpg", "is_bestseller": false, "is_new": true, "discount": 0, "created_at": "2026-01-16T06:46:25.591Z"}}, {"model": "shop.product", "pk": 178, "fields": {"category": 16, "name": "Xiaomoxuan Балансирующий несмываемый кондиционер-спрей", "description": "Несмываемый мультифункциональный спрей для всех типов волос.\nИнновационная формула Balancing Sptay Conditioner содержит натуральные ингредиенты, которые глубоко восстанавливают , увлажняют и защищают ваши волосы В том числе служит как термозащита для волос.", "price": "2700.00", "image": "products/кси2.jpeg", "is_bestseller": true, "is_new": true, "discount": 10, "created_at": "2026-01-16T06:46:25.595Z"}}, {"model": "shop.product", "pk": 179, "fields": {"category": 17, "name": "Sen sulu Face Powder Пудра для лица V1 10 г", "description": "Sen sulu Face Powder Пудра для лица V1 и V2", "price": "1990.00", "image": "products/сен.png", "is_bestseller": false, "is_new": true, "discount": 0, "created_at": "2026-01-16T06:46:25.604Z"}}, {"model": "shop.product", "pk": 180, "fields": {"category": 17, "name": "SHIK Румяна кремовые, 01 / Perfect liquid blush 10 мл", "description": "Мягкий оттенок и изысканный цвет при каждом нанесении. Идеальный продукт для того, чтобы подчеркнуть цвет лица и создать сияющий эффект и мягкий фокус.", "price": "2800.00", "image": "products/шик.jpg", "is_bestseller": false, "is_new": true, "discount": 0, "created_at": "2026-01-16T06:46:25.609Z"}}, {"model": "shop.product", "pk": 181, "fields": {"category": 17, "name": "KIKO Румяна-Кушон, 03 / Pink Ballerina 14мл", "description": "Мягкий оттенок и изысканный цвет при каждом нанесении. Идеальный продукт для того, чтобы подчеркнуть цвет лица и создать сияющий эффект и мягкий фокус.", "price": "2800.00", "image": "products/кико.webp", "is_bestseller": false, "is_new": true, "discount": 0, "created_at": "2026-01-16T06:46:25.613Z"}}, {"model": "shop.product", "pk": 182, "fields": {"category": 17, "name": "PUSY Super Fix Brow Gel Супер-гель для бровей, 5мл", "description": "Супер-гель фиксатор создаст долговременную укладку для бровей с эффектом ламинирования до 48 часов. Супертонкая щеточка подстраивается под каждый волосок и придает бровям идеальную форму.", "price": "1000.00", "image": "products/пуси.webp", "is_bestseller": true, "is_new": true, "discount": 10, "created_at": "2026-01-16T06:46:25.617Z"}}, {"model": "shop.product", "pk": 183, "fields": {"category": 17, "name": "ROM&ND Блеск для губ Glasting Color Gloss 01 Peony Ballet", "description": "Коллекция ярких глянцевых тинтов для губ ROM&ND Glasting Color Gloss с широкой палитрой универсальных оттенков, идеально подходящих для любого макияжа.\nПокрывает губы \"стеклянной\" пленкой, которая обеспечивает максимальный блеск благодаря отдельному слою цветных пигментов.\nПосле нанесения мы получаем стойкий и яркий цвет. Легкая и нежная текстура сохраняет губы увлажненными, не оставляя липкости.\nТонкий силиконовый аппликатор гарантирует легкое нанесение. Блеск также можно комбинировать с ранее нанесенным цветным оттенком для губ\nОсобенности:\n- легкое нанесение;\n- эффект мокрых губ;\n- яркость;\n- глянцевый (\"стеклянный\") эффект.\nСпособ применения:\nНанесите необходимое количество на поверхность губ и равномерно распределите, дайте высохнуть 2-3 минуты. Для яркости можно повторить нанесение 2-3 раза.", "price": "1190.00", "image": "products/романд.png", "is_bestseller": false, "is_new": true, "discount": 0, "created_at": "2026-01-16T06:46:25.621Z"}}, {"model": "shop.product", "pk": 184, "fields": {"category": 18, "name": "Attar Collection Парфюмерная вода Musk Kashmir", "description": "Musk Kashmir Attar Collection — это аромат для мужчин и женщин, он принадлежит к группе цветочные древесно-мускусные.\nMusk Kashmir выпущен в 2016 году.\nПарфюмер: Luz Vaquero.\nВерхняя нота: Белый перец;\nСредние ноты: Гардения и Сандал;\nБазовая нота: Белый мускус.", "price": "19500.00", "image": "products/аттар.jpeg", "is_bestseller": true, "is_new": true, "discount": 5, "created_at": "2026-01-16T06:46:25.628Z"}}, {"model": "shop.product", "pk": 185, "fields": {"category": 18, "name": "Chloe Atelier des Fleurs Cedrus", "description": "Cedrus Chloé — это аромат для мужчин и женщин, он принадлежит к группе древесные пряные.\nCedrus выпущен в 2019 году.\nПарфюмер: Quentin Bisch.\nВерхние ноты: кардамон;\nНоты сердца: древесные ноты, дубовый мох;\nБазовые ноты: ветивер, сандал.", "price": "15500.00", "image": "products/хлое.jpg", "is_bestseller": false, "is_new": true, "discount": 0, "created_at": "2026-01-16T06:46:25.632Z"}}, {"model": "shop.product", "pk": 186, "fields": {"category": 18, "name": "Chanel Туалетная вода Chanel Chance eau Tendre", "description": "Chanel Chance Eau Fraiche - женский аромат, принадлежит к группе Шипровые, Цветочные.\nГод создания: 2007\nПарфюмер: Jacques Polge\nВерхние ноты: Белый кедр, Лимон\nСредние ноты: Гиацинт, Жасмин, Розовый перец\nБазовые ноты: Амбра, Пачули, Белый мускус, Тиковое дерево, Ветивер, Ирис", "price": "270.00", "image": "products/шанель.jpeg", "is_bestseller": false, "is_new": true, "discount": 0, "created_at": "2026-01-16T06:46:25.636Z"}}, {"model": "shop.product", "pk": 187, "fields": {"category": 18, "name": "Louis Vuitton Pacific Chill", "description": "Pacific Chill Louis Vuitton — аромат unisex, принадлежит к группе фужерные фруктовые.\r\nPacific Chill выпущен в 2023 году.\r\nПарфюмер: Jacques Cavallier Belletrud. Верхние ноты: Цитрон, Мята, Апельсин, Лимон, Черная смородина и Кориандр;\r\nСредние ноты: Абрикос, Базилик, Семена моркови и Майская роза;\r\nБазовые ноты: Инжир, Финики и Амбретта.", "price": "600.00", "image": "products/лв_1.jpeg", "is_bestseller": false, "is_new": true, "discount": 0, "created_at": "2026-01-16T06:46:25.641Z"}}, {"model": "shop.product", "pk": 188, "fields": {"category": 18, "name": "Ex Nihilo Blue Talisman", "description": "Blue Talisman Ex Nihilo — это аромат для мужчин и женщин, он принадлежит к группе .\r\nЭто новое издание: Blue Talisman выпущен в 2023 году.\r\nПарфюмер: Jordi Fernández.", "price": "28500.00", "image": "products/экс.jpg", "is_bestseller": true, "is_new": true, "discount": 10, "created_at": "2026-01-16T06:46:25.646Z"}}, {"model": "shop.product", "pk": 189, "fields": {"category": 19, "name": "The Act, Body Care Kit, Набор для ухода за телом (крем для тела / крем для ног / крем для рук)", "description": "Набор скрабов «Баня» от The Act. Скрабы «Лес» и «Ягоды» обеспечат вашему телу комплексный уход. Скраб «Лес» обновляет кожу, улучшает её текстуру и борется с целлюлитом, а скраб «Ягоды» придаёт коже мягкость и бархатистость, стимулируя выработку коллагена. Натуральные масла и эфирные экстракты снимают стресс, улучшая тонус кожи и расслабляя мышцы. Идеально для бани и домашнего ухода.", "price": "910.00", "image": "products/акт наб1.webp", "is_bestseller": false, "is_new": true, "discount": 0, "created_at": "2026-01-16T06:46:25.652Z"}}, {"model": "shop.product", "pk": 190, "fields": {"category": 19, "name": "Round Lab Travel-набор средств с берёзовым соком Birch Juice Trial Kit", "description": "Travel-набор средств с берёзовым соком Round Lab Birch Juice Trial Kit — идеальный формат для знакомства с линией увлажняющих продуктов бренда. Их действие направлено на восполнение дефицита влаги и оптимизацию защитных функций кожи. Средства поддерживают естественный pH-баланс и целостность гидролипидной мантии, снижают чувствительность и реактивность.\nКомплектация:\nУвлажняющий гель для умывания с березовым соком 30 мл;\nУвлажняющий тоник с берёзовым соком 20 мл;\nЛипосомальная ампула для интенсивного увлажнения 10 мл;\nУвлажняющий крем для чувствительной кожи с берёзовым соком 20 мл.", "price": "1690.00", "image": "products/береза.jpg", "is_bestseller": false, "is_new": true, "discount": 0, "created_at": "2026-01-16T06:46:25.655Z"}}, {"model": "shop.product", "pk": 191, "fields": {"category": 19, "name": "ROUND LAB Набор средств для лица: пенка, сыворотка, крем увлажняющий, крем солнцезащитный / Stick Pouch Kit", "description": "Travel-набор средств в саше Round Lab Stick Pouch Kit — это 4 хита бренда в компактном формате саше. Набор обеспечивает комплексный уход: очищение, борьбу с раздражением, увлажнение и защиту от солнца.", "price": "790.00", "image": "products/саше.png", "is_bestseller": true, "is_new": true, "discount": 15, "created_at": "2026-01-16T06:46:25.659Z"}}, {"model": "shop.product", "pk": 192, "fields": {"category": 19, "name": "Round Lab 1025 Dokdo On The Go Kit Увлажняющий набор миниатюр с комплексом минералов", "description": "Набор миниатюр с комплексом минералов Round Lab 1025 Dokdo On The Go Kit интенсивно и глубоко увлажняет, восполняет недостаток влаги в эпидермисе, эффективно устраняет обезвоженность и сухость. Содержит морскую воду, церамиды, гиалуроновую кислоту и пантенол.", "price": "2160.00", "image": "products/минер.jpg", "is_bestseller": false, "is_new": true, "discount": 0, "created_at": "2026-01-16T06:46:25.663Z"}}, {"model": "shop.profile", "pk": 1, "fields": {"user": ["+79374632959"], "phone": "+79374632959", "first_name": "", "last_name": "", "city": "", "street": "", "house": "", "apartment": "", "postal_code": ""}}, {"model": "shop.profile", "pk": 2, "fields": {"user": ["+79999999999"], "phone": "+79999999999", "first_name": "тест2", "last_name": "тесттест", "city": "", "street": "", "house": "", "apartment": "", "postal_code": ""}}, {"model": "shop.profile", "pk": 3, "fields": {"user": ["mail@mail.ru"], "phone": "", "first_name": "имя3", "last_name": "фамилия3", "city": "город1", "street": "улица1", "house": "дом1", "apartment": "квартира1", "postal_code": "111111"}}, {"model": "shop.profile", "pk": 4, "fields": {"user": ["+78888888888"], "phone": "+78888888888", "first_name": "админ", "last_name": "админ", "city": "город", "street": "улица", "house": "дом", "apartment": "квартира", "postal_code": "111111"}}, {"model": "shop.profile", "pk": 5, "fields": {"user": ["+74444444444"], "phone": "+74444444444", "first_name": "+78888888888", "last_name": "88888888", "city": "", "street": "", "house": "", "apartment": "", "postal_code": ""}}, {"model": "shop.profile", "pk": 6, "fields": {"user": ["+73333333333"], "phone": "+7-333-333-33-33", "first_name": "крупный", "last_name": "тест", "city": "г", "street": "у", "house": "д", "apartment": "к", "postal_code": "и"}}, {"model": "shop.profile", "pk": 7, "fields": {"user": ["+77777777777"], "phone": "+7-777-777-77-77", "first_name": "финальный", "last_name": "тест", "city": "город", "street": "улица", "house": "дом", "apartment": "квартира", "postal_code": "111111"}}, {"model": "shop.order", "pk": 1, "fields": {"user": null, "status": "new", "delivery_method": "courier", "payment_method": "cash", "full_name": "тест", "phone": "+7-777-777-77-77", "email": "mail@mail.ru", "city": "город3", "street": "улица", "house": "дом", "apartment": "квартира", "postal_code": "111111", "comment": "пожелание", "total_price": "2160.00", "created_at": "2026-01-16T13:18:21.642Z", "updated_at": "2026-01-16T13:18:21.642Z"}}, {"model": "shop.order", "pk": 2, "fields": {"user": null, "status": "new", "delivery_method": "courier", "payment_method": "cash_on_delivery", "full_name": "заказ", "phone": "+7-444-444-44-44", "email": "mail@mail.ru", "city": "город", "street": "улица", "house": "дом", "apartment": "квартира", "postal_code": "222222", "comment": "комментарий", "total_price": "2160.00", "created_at": "2026-01-16T13:29:44.388Z", "updated_at": "2026-01-16T13:29:44.388Z"}}, {"model": "shop.order", "pk": 3, "fields": {"user": null, "status": "new", "delivery_method": "pickup", "payment_method": "cash_pickup", "full_name": "а", "phone": "+7-444-444-44-44", "email": "mail@mail.ru", "city": "город", "street": "у", "house": "д", "apartment": "к", "postal_code": "111111", "comment": "п", "total_price": "2160.00", "created_at": "2026-01-16T13:32:23.111Z", "updated_at": "2026-01-16T13:32:23.112Z"}}, {"model": "shop.order", "pk": 4, "fields": {"user": null, "status": "new", "delivery_method": "courier", "payment_method": "cash_on_delivery", "full_name": "крупный тест", "phone": "+7-333-333-33-33", "email": "mail@mail.ru", "city": "г", "street": "у", "house": "д", "apartment": "к", "postal_code": "и", "comment": "", "total_price": "1000.00", "created_at": "2026-01-16T14:10:45.195Z", "updated_at": "2026-01-16T14:10:45.195Z"}}, {"model": "shop.order", "pk": 5, "fields": {"user": null, "status": "new", "delivery_method": "courier", "payment_method": "cash_on_delivery", "full_name": "крупный тест", "phone": "+7-333-333-33-33", "email": "mail@mail.ru", "city": "г", "street": "у", "house": "д", "apartment": "к", "postal_code": "и", "comment": "", "total_price": "1000.00", "created_at": "2026-01-16T14:11:18.608Z", "updated_at": "2026-01-16T14:11:18.608Z"}}, {"model": "shop.order", "pk": 6, "fields": {"user": null, "status": "new", "delivery_method": "courier", "payment_method": "cash_on_delivery", "full_name": "крупный тест", "phone": "+7-333-333-33-33", "email": "mail@mail.ru", "city": "г", "street": "у", "house": "д", "apartment": "к", "postal_code": "и", "comment": "", "total_price": "1000.00", "created_at": "2026-01-16T14:12:47.119Z", "updated_at": "2026-01-16T14:12:47.119Z"}}, {"model": "shop.order", "pk": 7, "fields": {"user": null, "status": "new", "delivery_method": "pickup", "payment_method": "cash_pickup", "full_name": "финальный тест", "phone": "+7-777-777-77-77", "email": "mail@mail.ru", "city": "город", "street": "улица", "house": "дом", "apartment": "квартира", "postal_code": "111111", "comment": "пожелание", "total_price": "1790.00", "created_at": "2026-01-16T14:47:55.481Z", "updated_at": "2026-01-16T14:47:55.481Z"}}, {"model": "shop.order", "pk": 8, "fields": {"user": ["+77777777777"], "status": "new", "delivery_method": "courier", "payment_method": "cash_on_delivery", "full_name": "финальный тест", "phone": "+7-777-777-77-77", "email": "mail@mail.ru", "city": "город", "street": "улица", "house": "дом", "apartment": "квартира", "postal_code": "111111", "comment": "", "total_price": "2160.00", "created_at": "2026-01-16T15:25:08.802Z", "updated_at": "2026-01-16T15:25:08.802Z"}}, {"model": "shop.order", "pk": 9, "fields": {"user": ["+77777777777"], "status": "new", "delivery_method": "pickup", "payment_method": "cash_pickup", "full_name": "финальный тест", "phone": "+7-777-777-77-77", "email": "mail@mail.ru", "city": "город", "street": "улица", "house": "дом", "apartment": "квартира", "postal_code": "111111", "comment": "", "total_price": "600.00", "created_at": "2026-01-16T15:28:30.619Z", "updated_at": "2026-01-16T15:28:30.619Z"}}, {"model": "shop.orderitem", "pk": 1, "fields": {"order": 1, "product": 192, "title": "", "is_gift_certificate": false, "quantity": 1, "price": "2160.00"}}, {"model": "shop.orderitem", "pk": 2, "fields": {"order": 2, "product": 192, "title": "", "is_gift_certificate": false, "quantity": 1, "price": "2160.00"}}, {"model": "shop.orderitem", "pk": 3, "fields": {"order": 3, "product": 192, "title": "", "is_gift_certificate": false, "quantity": 1, "price": "2160.00"}}, {"model": "shop.orderitem", "pk": 4, "fields": {"order": 4, "product": null, "title": "Подарочный сертификат на 1 000 ₽", "is_gift_certificate": true, "quantity": 1, "price": "1000.00"}}, {"model": "shop.orderitem", "pk": 5, "fields": {"order": 5, "product": null, "title": "Подарочный сертификат на 1 000 ₽", "is_gift_certificate": true, "quantity": 1, "price": "1000.00"}}, {"model": "shop.orderitem", "pk": 6, "fields": {"order": 6, "product": null, "title": "Подарочный сертификат на 1 000 ₽", "is_gift_certificate": true, "quantity": 1, "price": "1000.00"}}, {"model": "shop.orderitem", "pk": 7, "fields": {"order": 7, "product": 191, "title": "", "is_gift_certificate": false, "quantity": 1, "price": "790.00"}}, {"model": "shop.orderitem", "pk": 8, "fields": {"order": 7, "product": null, "title": "Подарочный сертификат на 1 000 ₽", "is_gift_certificate": true, "quantity": 1, "price": "1000.00"}}, {"model": "shop.orderitem", "pk": 9, "fields": {"order": 8, "product": 192, "title": "", "is_gift_certificate": false, "quantity": 1, "price": "2160.00"}}, {"model": "shop.orderitem", "pk": 10, "fields": {"order": 9, "product": 187, "title": "", "is_gift_certificate": false, "quantity": 1, "price": "600.00"}}, {"model": "admin.logentry", "pk": 1, "fields": {"action_time": "2026-01-14T15:00:41.775Z", "user": ["admin"], "content_type": ["shop", "category"], "object_id": "1", "object_repr": "Уход за лицом", "action_flag": 1, "change_message": "[{\"added\": {}}]"}}, {"model": "admin.logentry", "pk": 2, "fields": {"action_time": "2026-01-14T15:01:17.905Z", "user": ["admin"], "content_type": ["shop", "category"], "object_id": "2", "object_repr": "Уход за жопой", "action_flag": 1, "change_message": "[{\"added\": {}}]"}}, {"model": "admin.logentry", "pk": 3, "fields": {"action_time": "2026-01-14T15:01:58.650Z", "user": ["admin"], "content_type": ["shop", "category"], "object_id": "3", "object_repr": "Уход за сигаретами", "action_flag": 1, "change_message": "[{\"added\": {}}]"}}, {"model": "admin.logentry", "pk": 4, "fields": {"action_time": "2026-01-14T15:02:51.116Z", "user": ["admin"], "content_type": ["shop", "product"], "object_id": "1", "object_repr": "Мазь", "action_flag": 1, "change_message": "[{\"added\": {}}]"}}, {"model": "admin.logentry", "pk": 5, "fields": {"action_time": "2026-01-14T15:03:42.406Z", "user": ["admin"], "content_type": ["shop", "product"], "object_id": "2", "object_repr": "Скраб", "action_flag": 1, "change_message": "[{\"added\": {}}]"}}, {"model": "admin.logentry", "pk": 6, "fields": {"action_time": "2026-01-14T15:04:47.118Z", "user": ["admin"], "content_type": ["shop", "product"], "object_id": "3", "object_repr": "Товар 1", "action_flag": 1, "change_message": "[{\"added\": {}}]"}}, {"model": "admin.logentry", "pk": 7, "fields": {"action_time": "2026-01-14T15:05:22.295Z", "user": ["admin"], "content_type": ["shop", "product"], "object_id": "4", "object_repr": "Товар 4", "action_flag": 1, "change_message": "[{\"added\": {}}]"}}, {"model": "admin.logentry", "pk": 8, "fields": {"action_time": "2026-01-14T15:05:42.754Z", "user": ["admin"], "content_type": ["shop", "product"], "object_id": "3", "object_repr": "Товар 1", "action_flag": 2, "change_message": "[{\"changed\": {\"fields\": [\"\\u041d\\u043e\\u0432\\u0438\\u043d\\u043a\\u0430\"]}}]"}}, {"model": "admin.logentry", "pk": 9, "fields": {"action_time": "2026-01-14T15:10:38.029Z", "user": ["admin"], "content_type": ["shop", "product"], "object_id": "4", "object_repr": "Товар 4", "action_flag": 2, "change_message": "[{\"changed\": {\"fields\": [\"\\u041d\\u043e\\u0432\\u0438\\u043d\\u043a\\u0430\", \"\\u0411\\u0435\\u0441\\u0442\\u0441\\u0435\\u043b\\u043b\\u0435\\u0440\"]}}]"}}, {"model": "admin.logentry", "pk": 10, "fields": {"action_time": "2026-01-14T15:10:38.030Z", "user": ["admin"], "content_type": ["shop", "product"], "object_id": "3", "object_repr": "Товар 1", "action_flag": 2, "change_message": "[{\"changed\": {\"fields\": [\"\\u041d\\u043e\\u0432\\u0438\\u043d\\u043a\\u0430\"]}}]"}}, {"model": "admin.logentry", "pk": 11, "fields": {"action_time": "2026-01-14T15:10:38.030Z", "user": ["admin"], "content_type": ["shop", "product"], "object_id": "1", "object_repr": "Мазь", "action_flag": 2, "change_message": "[{\"changed\": {\"fields\": [\"\\u0411\\u0435\\u0441\\u0442\\u0441\\u0435\\u043b\\u043b\\u0435\\u0440\"]}}]"}}, {"model": "admin.logentry", "pk": 12, "fields": {"action_time": "2026-01-14T16:28:03.308Z", "user": ["admin"], "content_type": ["shop", "category"], "object_id": "1", "object_repr": "Лицо", "action_flag": 2, "change_message": "[{\"changed\": {\"fields\": [\"\\u0418\\u0437\\u043e\\u0431\\u0440\\u0430\\u0436\\u0435\\u043d\\u0438\\u0435\"]}}]"}}, {"model": "admin.logentry", "pk": 13, "fields": {"action_time": "2026-01-14T16:30:05.782Z", "user": ["admin"], "content_type": ["shop", "product"], "object_id": "14", "object_repr": "Патчи для глаз", "action_flag": 2, "change_message": "[{\"changed\": {\"fields\": [\"\\u041e\\u0441\\u043d\\u043e\\u0432\\u043d\\u043e\\u0435 \\u0444\\u043e\\u0442\\u043e\"]}}]"}}, {"model": "admin.logentry", "pk": 14, "fields": {"action_time": "2026-01-14T16:30:13.954Z", "user": ["admin"], "content_type": ["shop", "category"], "object_id": "1", "object_repr": "Лицо", "action_flag": 2, "change_message": "[{\"changed\": {\"fields\": [\"\\u0418\\u0437\\u043e\\u0431\\u0440\\u0430\\u0436\\u0435\\u043d\\u0438\\u0435\"]}}]"}}, {"model": "admin.logentry", "pk": 15, "fields": {"action_time": "2026-01-14T16:31:28.659Z", "user": ["admin"], "content_type": ["shop", "category"], "object_id": "2", "object_repr": "Тело", "action_flag": 2, "change_message": "[{\"changed\": {\"fields\": [\"\\u0418\\u0437\\u043e\\u0431\\u0440\\u0430\\u0436\\u0435\\u043d\\u0438\\u0435\"]}}]"}}, {"model": "admin.logentry", "pk": 16, "fields": {"action_time": "2026-01-14T16:31:56.164Z", "user": ["admin"], "content_type": ["shop", "category"], "object_id": "3", "object_repr": "Волосы", "action_flag": 2, "change_message": "[{\"changed\": {\"fields\": [\"\\u0418\\u0437\\u043e\\u0431\\u0440\\u0430\\u0436\\u0435\\u043d\\u0438\\u0435\"]}}]"}}, {"model": "admin.logentry", "pk": 17, "fields": {"action_time": "2026-01-14T16:32:26.717Z", "user": ["admin"], "content_type": ["shop", "category"], "object_id": "4", "object_repr": "Макияж", "action_flag": 2, "change_message": "[{\"changed\": {\"fields\": [\"\\u0418\\u0437\\u043e\\u0431\\u0440\\u0430\\u0436\\u0435\\u043d\\u0438\\u0435\"]}}]"}}, {"model": "admin.logentry", "pk": 18, "fields": {"action_time": "2026-01-14T16:34:49.645Z", "user": ["admin"], "content_type": ["shop", "category"], "object_id": "5", "object_repr": "Парфюмерия", "action_flag": 2, "change_message": "[{\"changed\": {\"fields\": [\"\\u0418\\u0437\\u043e\\u0431\\u0440\\u0430\\u0436\\u0435\\u043d\\u0438\\u0435\"]}}]"}}, {"model": "admin.logentry", "pk": 19, "fields": {"action_time": "2026-01-14T16:35:16.221Z", "user": ["admin"], "content_type": ["shop", "category"], "object_id": "6", "object_repr": "Руки и ноги", "action_flag": 2, "change_message": "[{\"changed\": {\"fields\": [\"\\u0418\\u0437\\u043e\\u0431\\u0440\\u0430\\u0436\\u0435\\u043d\\u0438\\u0435\"]}}]"}}, {"model": "admin.logentry", "pk": 20, "fields": {"action_time": "2026-01-16T06:47:52.929Z", "user": ["admin"], "content_type": ["shop", "product"], "object_id": "191", "object_repr": "ROUND LAB Набор средств для лица: пенка, сыворотка, крем увлажняющий, крем солнцезащитный / Stick Pouch Kit", "action_flag": 2, "change_message": "[{\"changed\": {\"fields\": [\"\\u0411\\u0435\\u0441\\u0442\\u0441\\u0435\\u043b\\u043b\\u0435\\u0440\"]}}]"}}, {"model": "admin.logentry", "pk": 21, "fields": {"action_time": "2026-01-16T06:47:52.932Z", "user": ["admin"], "content_type": ["shop", "product"], "object_id": "188", "object_repr": "Ex Nihilo Blue Talisman", "action_flag": 2, "change_message": "[{\"changed\": {\"fields\": [\"\\u0411\\u0435\\u0441\\u0442\\u0441\\u0435\\u043b\\u043b\\u0435\\u0440\"]}}]"}}, {"model": "admin.logentry", "pk": 22, "fields": {"action_time": "2026-01-16T06:47:52.933Z", "user": ["admin"], "content_type": ["shop", "product"], "object_id": "184", "object_repr": "Attar Collection Парфюмерная вода Musk Kashmir", "action_flag": 2, "change_message": "[{\"changed\": {\"fields\": [\"\\u0411\\u0435\\u0441\\u0442\\u0441\\u0435\\u043b\\u043b\\u0435\\u0440\"]}}]"}}, {"model": "admin.logentry", "pk": 23, "fields": {"action_time": "2026-01-16T06:47:52.935Z", "user": ["admin"], "content_type": ["shop", "product"], "object_id": "182", "object_repr": "PUSY Super Fix Brow Gel Супер-гель для бровей, 5мл", "action_flag": 2, "change_message": "[{\"changed\": {\"fields\": [\"\\u0411\\u0435\\u0441\\u0442\\u0441\\u0435\\u043b\\u043b\\u0435\\u0440\"]}}]"}}, {"model": "admin.logentry", "pk": 24, "fields": {"action_time": "2026-01-16T06:47:52.936Z", "user": ["admin"], "content_type": ["shop", "product"], "object_id": "178", "object_repr": "Xiaomoxuan Балансирующий несмываемый кондиционер-спрей", "action_flag": 2, "change_message": "[{\"changed\": {\"fields\": [\"\\u0411\\u0435\\u0441\\u0442\\u0441\\u0435\\u043b\\u043b\\u0435\\u0440\"]}}]"}}, {"model": "admin.logentry", "pk": 25, "fields": {"action_time": "2026-01-16T06:47:52.938Z", "user": ["admin"], "content_type": ["shop", "product"], "object_id": "173", "object_repr": "Kamali, Молочко для тела с эффектом загара ORCHID (жемчужное золото)", "action_flag": 2, "change_message": "[{\"changed\": {\"fields\": [\"\\u0411\\u0435\\u0441\\u0442\\u0441\\u0435\\u043b\\u043b\\u0435\\u0440\"]}}]"}}, {"model": "admin.logentry", "pk": 26, "fields": {"action_time": "2026-01-16T06:47:52.939Z", "user": ["admin"], "content_type": ["shop", "product"], "object_id": "170", "object_repr": "The Act, Sugar Exfoliating Body Scrub, Сахарный скраб для тела", "action_flag": 2, "change_message": "[{\"changed\": {\"fields\": [\"\\u0411\\u0435\\u0441\\u0442\\u0441\\u0435\\u043b\\u043b\\u0435\\u0440\"]}}]"}}, {"model": "admin.logentry", "pk": 27, "fields": {"action_time": "2026-01-16T06:47:52.941Z", "user": ["admin"], "content_type": ["shop", "product"], "object_id": "167", "object_repr": "AXIS-Y Сыворотка для коррекции темных пятен | Dark Spot Correcting Glow serum 50мл", "action_flag": 2, "change_message": "[{\"changed\": {\"fields\": [\"\\u0411\\u0435\\u0441\\u0442\\u0441\\u0435\\u043b\\u043b\\u0435\\u0440\"]}}]"}}, {"model": "admin.logentry", "pk": 28, "fields": {"action_time": "2026-01-16T06:47:52.942Z", "user": ["admin"], "content_type": ["shop", "product"], "object_id": "166", "object_repr": "Celimax Dual Barrier Creamy Toner Барьерный кремовый тонер, 150 мл", "action_flag": 2, "change_message": "[{\"changed\": {\"fields\": [\"\\u0411\\u0435\\u0441\\u0442\\u0441\\u0435\\u043b\\u043b\\u0435\\u0440\"]}}]"}}, {"model": "admin.logentry", "pk": 29, "fields": {"action_time": "2026-01-16T06:48:32.105Z", "user": ["admin"], "content_type": ["shop", "product"], "object_id": "191", "object_repr": "ROUND LAB Набор средств для лица: пенка, сыворотка, крем увлажняющий, крем солнцезащитный / Stick Pouch Kit", "action_flag": 2, "change_message": "[{\"changed\": {\"fields\": [\"\\u0421\\u043a\\u0438\\u0434\\u043a\\u0430 %\"]}}]"}}, {"model": "admin.logentry", "pk": 30, "fields": {"action_time": "2026-01-16T06:48:32.107Z", "user": ["admin"], "content_type": ["shop", "product"], "object_id": "188", "object_repr": "Ex Nihilo Blue Talisman", "action_flag": 2, "change_message": "[{\"changed\": {\"fields\": [\"\\u0421\\u043a\\u0438\\u0434\\u043a\\u0430 %\"]}}]"}}, {"model": "admin.logentry", "pk": 31, "fields": {"action_time": "2026-01-16T06:48:32.109Z", "user": ["admin"], "content_type": ["shop", "product"], "object_id": "184", "object_repr": "Attar Collection Парфюмерная вода Musk Kashmir", "action_flag": 2, "change_message": "[{\"changed\": {\"fields\": [\"\\u0421\\u043a\\u0438\\u0434\\u043a\\u0430 %\"]}}]"}}, {"model": "admin.logentry", "pk": 32, "fields": {"action_time": "2026-01-16T06:48:32.110Z", "user": ["admin"], "content_type": ["shop", "product"], "object_id": "182", "object_repr": "PUSY Super Fix Brow Gel Супер-гель для бровей, 5мл", "action_flag": 2, "change_message": "[{\"changed\": {\"fields\": [\"\\u0421\\u043a\\u0438\\u0434\\u043a\\u0430 %\"]}}]"}}, {"model": "admin.logentry", "pk": 33, "fields": {"action_time": "2026-01-16T06:48:32.112Z", "user": ["admin"], "content_type": ["shop", "product"], "object_id": "178", "object_repr": "Xiaomoxuan Балансирующий несмываемый кондиционер-спрей", "action_flag": 2, "change_message": "[{\"changed\": {\"fields\": [\"\\u0421\\u043a\\u0438\\u0434\\u043a\\u0430 %\"]}}]"}}, {"model": "admin.logentry", "pk": 34, "fields": {"action_time": "2026-01-16T11:23:26.969Z", "user": ["admin"], "content_type": ["shop", "product"], "object_id": "188", "object_repr": "Ex Nihilo Blue Talisman", "action_flag": 2, "change_message": "[{\"changed\": {\"fields\": [\"\\u041e\\u043f\\u0438\\u0441\\u0430\\u043d\\u0438\\u0435\"]}}]"}}, {"model": "admin.logentry", "pk": 35, "fields": {"action_time": "2026-01-16T11:30:01.310Z", "user": ["admin"], "content_type": ["shop", "product"], "object_id": "188", "object_repr": "Ex Nihilo Blue Talisman", "action_flag": 2, "change_message": "[{\"changed\": {\"fields\": [\"\\u041e\\u043f\\u0438\\u0441\\u0430\\u043d\\u0438\\u0435\"]}}]"}}, {"model": "admin.logentry", "pk": 36, "fields": {"action_time": "2026-01-16T13:09:03.076Z", "user": ["admin"], "content_type": ["shop", "product"], "object_id": "187", "object_repr": "Louis Vuitton Pacific Chill", "action_flag": 2, "change_message": "[{\"changed\": {\"fields\": [\"\\u041e\\u043f\\u0438\\u0441\\u0430\\u043d\\u0438\\u0435\", \"\\u041e\\u0441\\u043d\\u043e\\u0432\\u043d\\u043e\\u0435 \\u0444\\u043e\\u0442\\u043e\"]}}]"}}]
